id,email,first_name,last_name,pw_hash,username
1,nlinforth0@answers.com,North,Linforth,$2a$10$ppE4JeCqZqaV1CjKzkF3yuwBYpcZSQAQhWL.zf.w9qzrHpiw7SMaS,nlinforth0
2,cvassar1@google.nl,Celesta,Vassar,JEfYRgDS,cvassar1
3,droddick2@deviantart.com,Duky,Roddick,Xk51yCay2,droddick2
4,dmaclennan3@wunderground.com,Danie,MacLennan,NRPk5KGiscL,dmaclennan3
5,cbrideaux4@wikia.com,Caryl,Brideaux,ATjDvCfld0Jf,cbrideaux4
6,tminillo5@foxnews.com,Teddy,Minillo,OeOWNao,tminillo5
7,ggreated6@xinhuanet.com,Gard,Greated,wCzNiAxVT,ggreated6
8,bcoonan7@issuu.com,Bertie,Coonan,pLKgOM1fpa,bcoonan7
9,cmacdermand8@t-online.de,Cinderella,MacDermand,07feA4k1a,cmacdermand8
10,kguile9@cafepress.com,Karola,Guile,c2vrrUK,kguile9
